{"cameraMode":{"drawMode":0,"name":"Shaded","section":"Shading Mode"},"sceneLighting":true,"audioPlay":false,"sceneViewState":{"m_AlwaysRefresh":false,"showFog":true,"showSkybox":true,"showFlares":true,"showImageEffects":true,"showParticleSystems":true,"showVisualEffectGraphs":true,"m_FxEnabled":true},"in2DMode":false,"pivot":{"x":12.704535484313965,"y":3.3585972785949709,"z":-37.066890716552737},"rotation":{"x":0.0028517600148916246,"y":-0.9682118892669678,"z":0.2499184012413025,"w":0.01107390783727169},"size":19.983562469482423,"orthographic":false}