{"cameraMode":{"drawMode":0,"name":"Shaded","section":"Shading Mode"},"sceneLighting":true,"audioPlay":false,"sceneViewState":{"m_AlwaysRefresh":false,"showFog":true,"showSkybox":true,"showFlares":true,"showImageEffects":true,"showParticleSystems":true,"showVisualEffectGraphs":true,"m_FxEnabled":true},"in2DMode":false,"pivot":{"x":-0.009293079376220703,"y":0.1192479133605957,"z":-2.0776548385620119},"rotation":{"x":-0.27107876539230349,"y":0.6529210209846497,"z":-0.27091673016548159,"w":-0.6533161997795105},"size":3.7691736221313478,"orthographic":false}